,date
0,2023-11-01
1,2023-10-01
2,2023-12-01
3,2024-01-01
4,2024-02-01
5,2024-03-01
6,2021-05-01
7,2024-04-01
8,2022-05-01
9,2021-06-01
10,2023-05-01
11,2023-07-01
12,2023-06-01
13,2023-01-01
14,2023-04-01
15,2022-09-01
16,2022-08-01
17,2023-02-01
18,2022-12-01
19,2022-04-01
20,2022-07-01
21,2021-09-01
22,2023-08-01
23,2021-10-01
24,2022-06-01
25,2021-08-01
26,2021-07-01
27,2023-03-01
28,2022-11-01
29,2023-09-01
30,2022-10-01
31,2021-12-01
32,2021-11-01
33,2022-03-01
34,2022-01-01
35,2022-02-01
36,2017-06-01
